full_name,first_name,last_name,word,string,id,boolean,int_positive,int_negative,tiny_int_positive,tiny_int_negative,float_positive,float_negative,tiny_float_positive,tiny_float_negative,characters_two_digits,date,percentage
Theadora Durston,Theadora,Durston,attitude-oriented,sapien varius ut blandit non,1,true,367,-129,6,-7,191.09,-112.22,-7.68,0.02,ge,06/01/2018,64.81%
Christoph Messier,Christoph,Messier,Versatile,sed ante vivamus tortor duis mattis egestas metus,2,true,116,-354,5,-9,1.26,-314.26,-6.14,5.97,db,27/02/2016,91.32%
Farrand Petranek,Farrand,Petranek,knowledge user,lacinia sapien quis libero nullam sit amet turpis,3,false,203,-489,1,-5,408.93,-407.2,-4.45,6.33,mb,23/09/2015,81.91%
Cathy Crampton,Cathy,Crampton,Re-engineered,id sapien in sapien iaculis congue vivamus,4,true,79,-296,5,-1,285.07,-72.11,-7.25,4.2,na,06/02/2017,24.80%
Rriocard Aguirrezabala,Rriocard,Aguirrezabala,Streamlined,accumsan odio curabitur convallis duis,5,false,124,-63,4,-1,237.63,-358.15,-4.27,9.72,st,24/01/2016,14.13%
Pier Coveley,Pier,Coveley,Optional,congue diam id ornare imperdiet sapien urna pretium nisl,6,false,223,-500,4,-9,147.17,-314.91,-8.56,4.47,yu,29/11/2018,45.06%
Harriette Kerwen,Harriette,Kerwen,3rd generation,nunc proin at turpis a pede posuere,7,false,52,-322,7,-7,222.84,-147.59,-5.42,6.29,rm,27/11/2017,28.78%
Colan Mandrake,Colan,Mandrake,Upgradable,accumsan tortor quis turpis sed ante vivamus tortor,8,false,422,-365,9,-3,455.12,-135.41,-7.52,7.97,ly,05/08/2016,51.91%
Alleen Thebeau,Alleen,Thebeau,budgetary management,sollicitudin vitae consectetuer eget rutrum at,9,false,113,-189,9,-3,402.47,-189.44,-7.19,1.13,kw,03/04/2016,29.39%
Courtney Haysey,Courtney,Haysey,pricing structure,mi integer ac neque duis bibendum,10,true,48,-202,0,-6,470.29,-19.15,-5.49,6.25,qr,29/05/2015,41.02%
Baldwin Allain,Baldwin,Allain,well-modulated,duis at velit eu est,11,false,28,-121,10,-7,216.41,-182.8,-6.11,4.43,yg,05/07/2018,32.35%
Francyne Nixon,Francyne,Nixon,stable,duis faucibus accumsan odio curabitur convallis duis consequat,12,true,397,-494,7,-4,30.66,-328.86,-2.48,2.76,pz,03/05/2015,40.66%
Foss Nattriss,Foss,Nattriss,solution-oriented,iaculis diam erat fermentum justo,13,false,168,-312,4,-5,311.37,-214.99,-9.6,0.49,cj,08/10/2015,00.00%
Opaline Gagen,Opaline,Gagen,Customizable,ac diam cras pellentesque volutpat dui,14,false,289,-329,6,-7,414.18,-17.46,-8.97,8.85,hm,01/12/2017,39.15%
Hayyim Murrigan,Hayyim,Murrigan,core,ipsum dolor sit amet consectetuer,15,false,284,-303,6,-8,338.99,-229.87,-2.54,0.62,yb,10/05/2015,67.85%
Loleta Petri,Loleta,Petri,implementation,potenti nullam porttitor lacus at turpis donec posuere metus,16,false,196,-430,0,-10,363.49,-227.21,-1.61,0.08,wp,09/01/2015,58.81%
Averil Vasechkin,Averil,Vasechkin,service-desk,neque duis bibendum morbi non quam nec dui luctus,17,true,10,-7,4,-3,168.97,-450.61,-9.81,9.92,rk,20/01/2017,23.86%
Rufus Rosi,Rufus,Rosi,zero tolerance,mi in porttitor pede justo eu massa donec,18,true,434,-376,8,-2,199.63,-446.29,-2.15,3.01,uk,05/12/2016,71.84%
Corry Middas,Corry,Middas,Open-architected,primis in faucibus orci luctus et ultrices posuere cubilia,19,true,311,-26,1,-9,134.34,-320.04,-4.08,7.52,en,07/05/2017,95.51%
Juliet Newvill,Juliet,Newvill,didactic,ipsum aliquam non mauris morbi non,20,false,177,-243,4,-1,161.19,-170.16,-6.57,0.06,zw,20/05/2017,55.92%
Meier Kaes,Meier,Kaes,analyzer,semper sapien a libero nam dui,21,false,128,-420,8,-7,2.34,-279.66,-4.68,4.35,ag,22/09/2017,92.72%
Justinian Cristoforo,Justinian,Cristoforo,Future-proofed,cursus urna ut tellus nulla,22,false,261,-37,1,-3,454.43,-419.92,-9.66,5.16,kz,10/01/2018,15.42%
Reinold Hedley,Reinold,Hedley,multi-tasking,in hac habitasse platea dictumst maecenas ut massa quis augue,23,false,187,-474,6,-2,490.74,-110.01,-9.97,4.66,cg,20/08/2016,47.62%
Rodd Tandy,Rodd,Tandy,motivating,mauris non ligula pellentesque ultrices phasellus id,24,false,422,-497,7,-8,10.49,-494.81,-3.81,9.63,to,29/04/2015,46.34%
Jefferey Camplejohn,Jefferey,Camplejohn,matrix,aliquam quis turpis eget elit sodales scelerisque mauris sit amet,25,false,471,-94,3,-2,135.54,-224.6,-8.12,4.2,ei,29/05/2017,64.60%
Nanette Kigelman,Nanette,Kigelman,system-worthy,consectetuer adipiscing elit proin risus praesent,26,true,466,-51,9,-5,279.99,-426.69,-4.79,7.81,zj,31/08/2016,77.16%
Ichabod Vobes,Ichabod,Vobes,Adaptive,ut massa quis augue luctus tincidunt,27,true,407,-68,9,-6,152.16,-295.83,-7.6,3.28,rc,29/03/2018,73.29%
Quinlan Boice,Quinlan,Boice,Cloned,varius integer ac leo pellentesque ultrices mattis odio,28,false,440,-152,7,-10,94.68,-434.45,-3.02,7.91,yg,20/01/2018,37.60%
Lynett Cockerham,Lynett,Cockerham,monitoring,aliquet at feugiat non pretium quis lectus suspendisse potenti,29,true,378,-431,5,-7,236.82,-63.68,-3.95,3.95,ij,27/01/2018,84.47%
Rutledge Meo,Rutledge,Meo,bifurcated,id pretium iaculis diam erat fermentum justo nec condimentum,30,true,64,-471,6,-3,384.49,-470.26,-2.72,7.72,vb,09/07/2018,03.68%
Olivia Luetkemeyer,Olivia,Luetkemeyer,monitoring,accumsan odio curabitur convallis duis consequat dui,31,true,385,-108,10,-6,7.07,-123.71,-1.51,2.98,pv,28/05/2015,69.90%
Kelbee Lesslie,Kelbee,Lesslie,dedicated,magna bibendum imperdiet nullam orci pede venenatis,32,false,488,-429,3,-8,268.9,-182.57,-6.33,3.3,cq,17/01/2015,38.27%
Ulla Scotney,Ulla,Scotney,background,eu magna vulputate luctus cum,33,true,296,-339,6,-4,247.67,-323.18,-6.94,4.95,pf,07/10/2015,76.35%
Jervis Korn,Jervis,Korn,Re-engineered,ultrices mattis odio donec vitae nisi nam ultrices libero,34,true,213,-337,3,-9,375.66,-5.53,-3.87,4.06,dk,16/10/2018,20.26%
Paco Atkins,Paco,Atkins,challenge,volutpat dui maecenas tristique est et,35,false,8,-256,6,-1,100.08,-273.92,-3.19,4.57,pg,03/11/2017,10.41%
Jemimah Alton,Jemimah,Alton,methodology,cubilia curae nulla dapibus dolor vel est,36,true,416,-154,9,-5,404.15,-179.73,-6.77,6.9,ar,01/07/2016,36.46%
Kimmy Osgarby,Kimmy,Osgarby,Front-line,aliquet at feugiat non pretium quis lectus suspendisse potenti in,37,true,203,-227,10,-10,325.12,-185.36,-4.52,9.51,ej,31/01/2018,85.04%
Rowney Petracchi,Rowney,Petracchi,regional,lacinia sapien quis libero nullam,38,false,68,-267,8,-4,295.69,-407.76,-2.02,5.46,gj,15/05/2015,43.09%
Arte Stennard,Arte,Stennard,Expanded,posuere nonummy integer non velit donec diam neque,39,true,266,-297,4,-3,74.65,-194.56,-5.5,0.64,lh,18/12/2018,71.25%
Keith Trevenu,Keith,Trevenu,success,est phasellus sit amet erat nulla tempus vivamus,40,false,22,-122,0,-4,403.99,-426.16,-6.62,3.07,if,05/09/2015,29.94%
Bran Iacivelli,Bran,Iacivelli,hardware,a suscipit nulla elit ac nulla sed,41,false,380,-277,9,-8,193.13,-67.92,-2.45,5.86,qi,28/07/2018,43.70%
Joseph Minett,Joseph,Minett,even-keeled,sapien ut nunc vestibulum ante ipsum,42,false,41,-42,4,-4,354.85,-445.52,-8.73,6.92,ib,28/08/2017,26.23%
Gerrie Polden,Gerrie,Polden,bottom-line,elementum nullam varius nulla facilisi cras non velit nec,43,false,193,-471,7,-3,36.32,-114.2,-3.75,5.24,nf,29/09/2016,14.67%
Vinita Mapp,Vinita,Mapp,4th generation,erat id mauris vulputate elementum nullam varius nulla facilisi,44,false,50,-133,5,-2,11.24,-477.81,-4.37,0.96,sy,20/03/2018,63.76%
Teirtza Chick,Teirtza,Chick,Graphic Interface,donec ut mauris eget massa tempor convallis nulla neque libero,45,true,232,-311,8,-7,129.39,-133.36,-6.79,3.77,zu,03/01/2016,81.67%
Nevile Shackelton,Nevile,Shackelton,Self-enabling,morbi sem mauris laoreet ut rhoncus aliquet pulvinar sed nisl,46,true,361,-247,6,-9,365.02,-428.93,-3.79,1.96,cc,08/03/2018,20.95%
Kellen Reames,Kellen,Reames,function,elementum eu interdum eu tincidunt in,47,false,431,-127,2,-10,349.67,-225.3,-7.79,8.57,un,24/04/2016,04.31%
Florida Lougheed,Florida,Lougheed,protocol,convallis duis consequat dui nec nisi,48,false,371,-165,5,-3,404.42,-143.62,-3.9,5.64,nx,03/01/2015,88.38%
Seward Bettleson,Seward,Bettleson,Multi-layered,dolor sit amet consectetuer adipiscing,49,true,243,-185,2,-7,457.67,-449.88,-2.41,0.63,xq,26/02/2018,57.36%
Iosep Gerrish,Iosep,Gerrish,executive,phasellus in felis donec semper sapien a libero nam dui,50,true,480,-226,5,-8,38.41,-120.01,-3.89,9.73,nk,16/04/2017,94.89%
Francisco Yakov,Francisco,Yakov,local area network,vitae nisi nam ultrices libero non mattis pulvinar nulla pede,51,true,87,-427,7,-10,305.24,-456.19,-9.56,0.14,gg,04/05/2015,44.92%
Valery Nance,Valery,Nance,Customizable,morbi sem mauris laoreet ut rhoncus aliquet pulvinar sed,52,true,465,-336,3,-9,400.64,-99.72,-2.68,6.92,ry,15/10/2016,83.56%
Andrew McGarahan,Andrew,McGarahan,Universal,nibh fusce lacus purus aliquet at feugiat non pretium,53,true,280,-155,10,-5,156.35,-393.53,-8.81,9.83,hh,07/04/2016,60.41%
Arnoldo Kerrane,Arnoldo,Kerrane,bottom-line,quis turpis eget elit sodales scelerisque,54,false,284,-387,10,-5,189.07,-450.99,-6.09,4.1,ia,25/12/2018,58.80%
Pauly Cowing,Pauly,Cowing,Diverse,curae duis faucibus accumsan odio curabitur convallis duis,55,false,356,-176,2,-4,216.33,-406.6,-4.11,1.72,bk,12/11/2017,52.46%
Raf Mordanti,Raf,Mordanti,instruction set,in faucibus orci luctus et ultrices,56,false,204,-295,5,-8,253.52,-145.85,-9.41,5.98,pn,29/06/2015,34.17%
Lyon Mozzi,Lyon,Mozzi,Expanded,luctus et ultrices posuere cubilia curae nulla dapibus dolor vel,57,false,216,-464,5,-4,488.76,-393.98,-4.1,4.2,ej,27/06/2016,01.88%
Chrysa Challenger,Chrysa,Challenger,installation,sagittis dui vel nisl duis,58,true,332,-277,7,-8,35.74,-119.78,-1.14,3.92,zj,06/03/2015,02.75%
Tommie Wyley,Tommie,Wyley,Pre-emptive,ante ipsum primis in faucibus orci luctus,59,true,409,-446,6,-2,8.93,-354.51,-9.41,3.39,wf,28/02/2015,68.89%
Marian Glawsop,Marian,Glawsop,moderator,diam vitae quam suspendisse potenti nullam porttitor,60,false,499,-95,2,-4,104.29,-399.62,-8.71,8.82,mf,21/02/2018,26.55%
Lilla Verman,Lilla,Verman,national,suscipit a feugiat et eros vestibulum,61,true,267,-53,0,-2,441.6,-279.21,-5.73,2.82,nk,09/04/2017,52.70%
Cassy Wilkie,Cassy,Wilkie,demand-driven,vestibulum vestibulum ante ipsum primis in faucibus,62,false,54,-54,4,-10,386.36,-145.06,-8.87,6.56,pv,02/01/2017,60.46%
Maddy Bearcock,Maddy,Bearcock,Function-based,sapien sapien non mi integer ac neque duis bibendum,63,false,372,-383,0,-2,98,-364.27,-4.36,8.34,zd,13/08/2016,27.91%
Faustine Colby,Faustine,Colby,Open-source,leo pellentesque ultrices mattis odio donec vitae nisi,64,true,475,-321,1,-1,5.38,-304.56,-1.91,2.58,ee,19/04/2015,37.80%
Ryley Gornal,Ryley,Gornal,monitoring,accumsan odio curabitur convallis duis,65,false,25,-185,0,-3,378.71,-252.96,-9.76,7.59,dc,16/06/2018,80.00%
Flossi Gibard,Flossi,Gibard,static,viverra eget congue eget semper rutrum nulla nunc purus phasellus,66,false,253,-63,3,-10,77.53,-331.74,-7.38,8.85,go,13/08/2017,56.22%
Bidget Greest,Bidget,Greest,model,consequat nulla nisl nunc nisl duis bibendum felis sed interdum,67,true,491,-142,3,-3,477.68,-339,-7.22,8.1,un,19/11/2016,51.74%
Alexa Scamel,Alexa,Scamel,Advanced,donec odio justo sollicitudin ut,68,false,138,-475,4,-6,140.45,-262.35,-2.23,3.13,vy,17/04/2015,08.76%
Gates Atterbury,Gates,Atterbury,internet solution,proin risus praesent lectus vestibulum quam sapien,69,true,331,-293,6,-5,50.24,-394.25,-1.23,5.23,xv,15/02/2016,41.39%
Matt Freiberg,Matt,Freiberg,time-frame,aenean lectus pellentesque eget nunc donec quis,70,false,275,-169,6,-2,157.62,-185.24,-4,8.03,wi,04/04/2018,43.29%
Myranda Penwright,Myranda,Penwright,local area network,ante ipsum primis in faucibus orci,71,true,182,-125,1,-8,496.15,-214.11,-6.64,6.4,ka,08/02/2017,16.64%
Dorey Anstee,Dorey,Anstee,protocol,eros suspendisse accumsan tortor quis turpis sed ante vivamus tortor,72,true,133,-465,4,-6,101.7,-387.17,-1.88,4.84,yh,16/12/2017,40.24%
Dorey Chazelas,Dorey,Chazelas,leverage,velit vivamus vel nulla eget eros elementum,73,true,352,-307,2,-10,480.52,-495.48,-6.42,8.81,gd,27/11/2017,30.61%
Ian Silverton,Ian,Silverton,Decentralized,amet lobortis sapien sapien non mi integer,74,false,353,-442,1,-9,36.59,-401.57,-5.2,6.83,aq,21/01/2016,89.54%
Toby Titley,Toby,Titley,portal,nec condimentum neque sapien placerat ante,75,true,439,-354,5,-8,195.15,-149.69,-9.81,1.02,wt,21/02/2016,69.35%
Spike Wychard,Spike,Wychard,methodical,scelerisque mauris sit amet eros suspendisse accumsan tortor,76,true,394,-245,9,-2,339.13,-17.62,-5.01,1.37,kw,09/05/2016,72.81%
Masha Burdon,Masha,Burdon,actuating,molestie sed justo pellentesque viverra pede,77,false,475,-166,10,-3,77.45,-124.58,-4.63,4.39,ki,23/07/2017,74.43%
Miner Klehyn,Miner,Klehyn,Optimized,quis orci eget orci vehicula condimentum,78,true,211,-129,6,-2,27.03,-228.71,-7.89,9.43,he,31/03/2017,50.11%
Creight Blaxton,Creight,Blaxton,Re-engineered,at velit vivamus vel nulla eget,79,false,447,-458,2,-6,87.99,-129.96,-4.15,6.03,nl,16/08/2018,59.18%
Jorey Mantrip,Jorey,Mantrip,alliance,vitae consectetuer eget rutrum at,80,false,190,-243,9,-9,64.28,-333.69,-7.44,2.2,pz,09/05/2017,67.41%
Nedda Knellen,Nedda,Knellen,Re-contextualized,nullam molestie nibh in lectus pellentesque at,81,true,481,-19,0,-1,490.7,-492.02,-3.64,4.44,sg,07/08/2016,32.95%
Shaw Linforth,Shaw,Linforth,hub,blandit non interdum in ante vestibulum ante ipsum primis in,82,true,157,-265,2,-8,132.26,-362.81,-8.99,5.27,rx,12/09/2018,02.20%
Miriam McVicker,Miriam,McVicker,De-engineered,nisl nunc nisl duis bibendum felis sed,83,false,491,-395,7,-2,182.32,-480.3,-9.29,5.83,rb,11/12/2018,55.76%
Adella Degoix,Adella,Degoix,zero administration,sit amet justo morbi ut,84,false,407,-155,1,-9,385.25,-21.7,-3.56,3.65,vf,09/12/2018,50.94%
Nehemiah Bolzen,Nehemiah,Bolzen,Robust,mauris eget massa tempor convallis nulla neque libero,85,false,499,-109,7,-4,17,-408.76,-5.86,8.59,dx,15/05/2016,24.20%
Chrisse Oaker,Chrisse,Oaker,Vision-oriented,vel enim sit amet nunc viverra dapibus nulla,86,false,117,-237,4,-10,154.64,-139.85,-7.01,2.8,kq,05/04/2015,88.90%
Tootsie Ledur,Tootsie,Ledur,Balanced,commodo placerat praesent blandit nam nulla integer pede justo,87,true,172,-177,4,-2,408.42,-107.86,-3.06,9.19,gz,11/05/2018,21.13%
Maridel Eaken,Maridel,Eaken,Business-focused,interdum mauris ullamcorper purus sit amet nulla quisque,88,false,481,-332,4,-3,406.59,-261.99,-2.6,7.36,ts,05/07/2017,14.61%
Woody Meese,Woody,Meese,zero tolerance,eleifend donec ut dolor morbi vel lectus in quam fringilla,89,false,96,-328,4,-8,255.71,-65.36,-2.1,4.44,uv,20/03/2017,62.13%
Emmi Horstead,Emmi,Horstead,tangible,duis bibendum felis sed interdum venenatis turpis enim,90,true,498,-63,1,-9,81.97,-196.78,-9.82,6.96,jo,15/10/2018,22.66%
Conan Flament,Conan,Flament,extranet,lobortis convallis tortor risus dapibus augue vel accumsan,91,true,176,-435,2,-8,234.87,-149.22,-2.82,1.7,ff,27/09/2018,69.07%
Jimmie Jilliss,Jimmie,Jilliss,capability,nec molestie sed justo pellentesque viverra pede ac diam cras,92,false,166,-62,6,-9,112.33,-498.21,-8.7,3.86,fl,19/08/2018,18.88%
Arnuad Jacquemy,Arnuad,Jacquemy,regional,porttitor id consequat in consequat ut nulla sed,93,false,345,-400,3,-1,405.29,-287.48,-3.92,7.16,oz,16/06/2018,39.91%
Lanette Glowacha,Lanette,Glowacha,systemic,velit donec diam neque vestibulum eget vulputate ut ultrices,94,false,391,-342,3,-6,286.34,-146.08,-4.64,7.79,px,24/04/2015,97.48%
Ulrikaumeko Cansfield,Ulrikaumeko,Cansfield,eco-centric,iaculis diam erat fermentum justo nec,95,true,158,-393,9,-1,281.44,-301.86,-1.59,3.67,tr,28/08/2015,61.10%
Kathryn Mannakee,Kathryn,Mannakee,middleware,ligula in lacus curabitur at ipsum ac tellus semper,96,false,436,-309,0,-7,236.51,-341.36,-9.49,2.93,pb,27/04/2018,16.98%
Quint Frill,Quint,Frill,systematic,dolor morbi vel lectus in quam fringilla rhoncus,97,true,33,-492,3,-10,378.49,-314.97,-2.78,0.57,lv,21/04/2017,37.38%
Blancha Joinsey,Blancha,Joinsey,systemic,luctus et ultrices posuere cubilia curae mauris viverra diam,98,true,262,-83,7,-1,342.88,-311.89,-2.78,0.46,sy,11/06/2018,91.29%
Curt McLugaish,Curt,McLugaish,Robust,ac diam cras pellentesque volutpat dui maecenas tristique est et,99,true,479,-402,8,-7,298.69,-254.13,-4.05,1.52,ta,01/11/2018,01.47%
Umberto Shambroke,Umberto,Shambroke,Open-architected,sed augue aliquam erat volutpat in congue etiam justo etiam,100,false,336,-31,2,-8,479.42,-183.46,-9.5,6.09,bx,29/09/2016,69.43%
Esmeralda Kelberman,Esmeralda,Kelberman,client-server,hac habitasse platea dictumst aliquam augue quam sollicitudin,101,false,241,-78,6,-9,165.93,-492.9,-7.04,4.24,th,30/07/2018,14.82%
Glennie Sanzio,Glennie,Sanzio,Profound,id lobortis convallis tortor risus dapibus,102,true,225,-278,9,-8,357.21,-475.12,-5.5,6.64,nn,06/10/2016,20.68%
Florencia Pobjoy,Florencia,Pobjoy,Secured,dolor sit amet consectetuer adipiscing elit,103,true,241,-441,4,-5,36.24,-339.71,-4.54,0.69,wa,26/07/2016,44.21%
Brear di Rocca,Brear,di Rocca,stable,metus aenean fermentum donec ut mauris eget,104,false,281,-446,3,-9,238.78,-403.52,-3.35,8.88,uf,10/06/2017,90.75%
Shelli Matthias,Shelli,Matthias,fault-tolerant,vestibulum ante ipsum primis in faucibus orci luctus et ultrices,105,true,164,-483,3,-3,448.91,-93.59,-2.45,3.38,gb,09/03/2015,62.45%
Nicolas Ribbens,Nicolas,Ribbens,Integrated,dui luctus rutrum nulla tellus in,106,true,290,-196,6,-5,11.4,-271.15,-2.87,4.17,hi,21/01/2017,76.16%
Jaquenetta Ingolotti,Jaquenetta,Ingolotti,projection,nibh fusce lacus purus aliquet,107,true,123,-188,1,-10,201.99,-441.11,-5.23,7.73,jo,05/04/2015,88.79%
Aryn Marrion,Aryn,Marrion,5th generation,at turpis a pede posuere,108,true,41,-398,0,-5,151.3,-257.26,-2.61,0.14,sx,12/03/2016,51.37%
Jacklyn Adin,Jacklyn,Adin,Universal,sem sed sagittis nam congue risus semper,109,false,167,-195,4,-1,112.01,-23.07,-3.23,0.68,se,03/05/2016,41.15%
Hort Spires,Hort,Spires,product,at turpis a pede posuere nonummy integer non velit,110,true,176,-313,9,-1,377.77,-166.89,-3.19,6.04,or,14/04/2017,84.46%
Bat Antonovic,Bat,Antonovic,system-worthy,tincidunt nulla mollis molestie lorem,111,true,376,-292,7,-5,95.38,-338.61,-3.6,9.93,hz,14/09/2017,52.56%
Vivia Avesque,Vivia,Avesque,multimedia,porttitor pede justo eu massa donec dapibus,112,true,162,-17,10,-2,391.57,-205.99,-8.93,6.88,oo,08/10/2016,04.52%
Blaine Jarratt,Blaine,Jarratt,Universal,blandit lacinia erat vestibulum sed magna at nunc,113,true,454,-145,10,-8,44.98,-330.03,-1.61,4.32,dn,06/09/2018,42.47%
Pansie Cormode,Pansie,Cormode,Cloned,risus auctor sed tristique in tempus sit amet sem fusce,114,true,227,-325,1,-5,395.05,-336.28,-9.98,5.11,yp,12/01/2018,56.45%
Arch Burbridge,Arch,Burbridge,initiative,lectus pellentesque at nulla suspendisse,115,true,147,-110,6,-3,129.01,-271.69,-5.04,0.99,jq,14/09/2017,86.38%
Suki Peachey,Suki,Peachey,Open-source,sapien in sapien iaculis congue vivamus metus arcu adipiscing molestie,116,false,497,-402,3,-6,1.67,-426.93,-4.25,4,oe,25/06/2017,26.50%
Storm Carillo,Storm,Carillo,multimedia,id turpis integer aliquet massa id lobortis convallis tortor,117,false,154,-98,3,-6,76.45,-48.37,-3.06,8.49,eg,18/07/2016,23.66%
Cristina Covely,Cristina,Covely,even-keeled,bibendum imperdiet nullam orci pede venenatis non sodales sed,118,true,361,-65,7,-5,263.2,-69.79,-6.9,6.28,oz,22/07/2016,60.09%
Camille Packington,Camille,Packington,throughput,adipiscing elit proin risus praesent lectus,119,true,219,-428,7,-3,229.11,-106.78,-1.22,4.26,qi,03/04/2016,92.84%
Hilde Coryndon,Hilde,Coryndon,knowledge base,orci luctus et ultrices posuere cubilia,120,false,131,-447,2,-8,112.07,-140.45,-2.62,2.15,qs,02/05/2016,74.25%
Sophia Kitcatt,Sophia,Kitcatt,Reverse-engineered,at velit eu est congue,121,true,412,-350,4,-2,31.48,-340.13,-1.34,9.25,jq,20/01/2016,34.17%
Dniren Domengue,Dniren,Domengue,analyzer,mi sit amet lobortis sapien sapien,122,true,376,-54,3,-7,479.13,-85.65,-2.09,6.17,rz,25/12/2016,26.71%
Maxine Gayden,Maxine,Gayden,Operative,lectus in est risus auctor sed tristique in tempus,123,true,166,-369,1,-4,102.29,-154.06,-2.29,3.75,wl,22/08/2015,43.79%
Hunter Alldis,Hunter,Alldis,Synergized,semper sapien a libero nam dui,124,false,33,-59,5,-5,213.29,-65,-4.29,1.42,sb,03/02/2015,33.30%
Laetitia Busher,Laetitia,Busher,Enhanced,sit amet nunc viverra dapibus,125,false,109,-120,6,-7,70.56,-425.75,-7.01,7.49,to,21/04/2018,06.60%
Devlin Schuck,Devlin,Schuck,alliance,tempor convallis nulla neque libero convallis eget eleifend,126,true,13,-124,4,-3,470.09,-428.55,-4.39,0.22,fx,06/03/2017,64.20%
Delphine Cornfoot,Delphine,Cornfoot,benchmark,orci luctus et ultrices posuere cubilia curae nulla,127,true,479,-483,4,-8,240.39,-106.6,-5.39,8.28,dn,20/09/2017,51.42%
Webster Mitskevich,Webster,Mitskevich,function,aenean sit amet justo morbi ut odio cras mi,128,false,379,-9,1,-8,369.73,-476.93,-3.05,2.75,bp,07/11/2017,34.98%
Kare McCloch,Kare,McCloch,Decentralized,accumsan felis ut at dolor quis odio consequat varius integer,129,false,423,-226,9,-5,289.59,-101.8,-6.77,5.78,kk,24/05/2018,36.48%
Ruthe Maddick,Ruthe,Maddick,tertiary,cursus id turpis integer aliquet massa id,130,true,405,-291,7,-3,385.5,-407.68,-6.58,0.38,nf,08/10/2017,35.20%
Hewe Ruddin,Hewe,Ruddin,transitional,lobortis vel dapibus at diam nam tristique tortor eu pede,131,true,5,-124,3,-5,93.18,-227.35,-8.21,3.06,eq,07/12/2015,67.68%
Esra Botting,Esra,Botting,Fundamental,diam erat fermentum justo nec condimentum neque sapien placerat,132,false,419,-407,7,-9,68.68,-396.49,-3.81,7.19,hz,14/06/2015,47.20%
Karoly Squelch,Karoly,Squelch,core,diam id ornare imperdiet sapien urna pretium,133,true,9,-376,4,-9,481.51,-108.38,-7.58,0.83,ne,11/03/2016,07.13%
Branden Cloughton,Branden,Cloughton,productivity,eget nunc donec quis orci eget orci vehicula condimentum,134,false,198,-276,0,-9,124.81,-324.48,-4.78,4.64,yb,23/02/2017,91.86%
Caroline Measor,Caroline,Measor,standardization,ipsum ac tellus semper interdum mauris,135,false,308,-314,10,-4,45.17,-369.92,-7.14,3.59,aq,22/02/2017,70.94%
Esther Kondratenko,Esther,Kondratenko,Realigned,vitae quam suspendisse potenti nullam porttitor lacus at,136,true,43,-31,7,-3,292.21,-432.02,-8.83,4.13,vj,12/02/2016,50.29%
Sena O' Mulderrig,Sena,O' Mulderrig,Future-proofed,sit amet nunc viverra dapibus nulla suscipit ligula,137,true,240,-338,3,-2,151.25,-245.71,-7.23,1.85,ma,09/11/2018,07.00%
Jule Francesco,Jule,Francesco,actuating,turpis a pede posuere nonummy,138,false,134,-480,0,-10,186.76,-45.67,-6.87,9.04,ru,09/03/2018,27.42%
Ronnie Burgess,Ronnie,Burgess,contextually-based,duis consequat dui nec nisi volutpat eleifend donec ut,139,true,183,-378,9,-5,102.74,-477.85,-5.05,3.82,kc,28/10/2015,00.94%
Madlin Miell,Madlin,Miell,Fundamental,aenean auctor gravida sem praesent id massa id nisl venenatis,140,false,404,-43,4,-8,14.13,-222.29,-5.87,6.98,uu,15/07/2018,75.67%
Sibyl Wheelton,Sibyl,Wheelton,time-frame,eu interdum eu tincidunt in leo maecenas pulvinar lobortis est,141,true,82,-33,3,-1,225.45,-222.99,-4.19,1.87,ym,08/05/2016,02.10%
Jake Staniford,Jake,Staniford,Cross-group,aliquam erat volutpat in congue etiam,142,false,158,-433,10,-8,205.66,-85.13,-9.82,1.52,og,22/02/2015,61.24%
Almire Scown,Almire,Scown,data-warehouse,pellentesque eget nunc donec quis orci eget orci vehicula condimentum,143,false,403,-499,3,-8,317.43,-228.91,-7.11,4.72,dy,31/05/2018,04.81%
Saraann Ballingal,Saraann,Ballingal,well-modulated,dolor sit amet consectetuer adipiscing,144,true,150,-464,2,-7,32.8,-412.12,-5.67,7.19,eq,27/01/2017,14.72%
Teriann Brunone,Teriann,Brunone,Total,sapien dignissim vestibulum vestibulum ante,145,true,222,-347,0,-2,66.99,-445.24,-4.47,9.38,tz,11/04/2016,78.45%
Early Niles,Early,Niles,analyzing,a pede posuere nonummy integer non velit donec diam,146,true,329,-30,0,-8,268.02,-102.27,-8.09,4.28,gr,17/02/2018,39.70%
Tasia Chellam,Tasia,Chellam,client-server,dis parturient montes nascetur ridiculus mus etiam,147,true,210,-317,2,-4,43.8,-481.67,-1.91,6.06,ym,13/01/2018,66.09%
Mallory Sewill,Mallory,Sewill,info-mediaries,leo odio condimentum id luctus nec,148,true,47,-235,2,-9,175.43,-492.64,-7.07,4.45,eo,09/11/2017,98.19%
Lonnie Rapi,Lonnie,Rapi,access,viverra pede ac diam cras pellentesque volutpat,149,false,111,-204,3,-8,280.93,-299.88,-9.9,8.26,ee,09/06/2017,69.99%
Lucita Dubarry,Lucita,Dubarry,neutral,pellentesque at nulla suspendisse potenti cras,150,true,399,-51,5,-7,190.6,-205.6,-5.59,1.5,az,21/08/2018,95.43%
Hardy Klement,Hardy,Klement,grid-enabled,sagittis dui vel nisl duis ac nibh fusce lacus,151,false,187,-171,9,-2,187.78,-15.95,-9.53,7.76,uy,04/08/2015,51.42%
Florance Dancey,Florance,Dancey,executive,nisl nunc nisl duis bibendum felis,152,false,287,-39,0,-6,218.65,-25.59,-2.66,0.91,mq,15/01/2017,26.11%
Lucita Peotz,Lucita,Peotz,Persevering,turpis enim blandit mi in porttitor pede,153,true,299,-277,4,-8,164.31,-121.93,-2.45,8.29,pp,18/12/2018,12.04%
Ruy Brake,Ruy,Brake,focus group,nisl venenatis lacinia aenean sit,154,true,18,-42,3,-4,486.2,-430.19,-1.18,9.07,zh,26/02/2016,88.84%
Law Stetson,Law,Stetson,Centralized,ante ipsum primis in faucibus orci luctus et ultrices,155,false,285,-203,7,-9,232.17,-163.2,-9.81,4.46,pq,12/10/2017,53.74%
Dyana Jasik,Dyana,Jasik,demand-driven,in hac habitasse platea dictumst etiam faucibus cursus,156,false,249,-116,2,-4,440.03,-165.34,-2.44,3.84,ce,27/09/2016,37.31%
Lucille Kinnock,Lucille,Kinnock,emulation,sapien varius ut blandit non interdum in ante,157,true,268,-124,5,-10,222.7,-407.09,-2.47,0.99,xe,18/10/2018,86.76%
Elsbeth Mayoral,Elsbeth,Mayoral,model,purus sit amet nulla quisque arcu libero,158,true,318,-266,6,-6,331.9,-462.1,-5.13,3.34,cx,07/07/2018,98.08%
Donni Arne,Donni,Arne,Streamlined,tellus nisi eu orci mauris lacinia sapien,159,false,363,-93,4,-9,399.03,-423.5,-7.25,0.07,cb,23/04/2015,69.50%
Emmie Kneller,Emmie,Kneller,knowledge user,ipsum primis in faucibus orci luctus et ultrices posuere cubilia,160,true,112,-259,7,-7,253.33,-385.45,-1.65,4.11,va,28/12/2015,64.94%
Maren Heasley,Maren,Heasley,core,in magna bibendum imperdiet nullam orci pede venenatis,161,true,275,-48,5,-10,427.66,-390.62,-5.68,1.69,qw,29/09/2016,48.16%
Lynnette Steuart,Lynnette,Steuart,static,eget rutrum at lorem integer tincidunt ante,162,false,83,-495,8,-1,336.44,-317.84,-4.4,3.79,ta,26/06/2015,46.11%
Cathee MacCafferty,Cathee,MacCafferty,Object-based,primis in faucibus orci luctus et ultrices posuere cubilia curae,163,false,117,-62,1,-3,67.05,-74.72,-2.96,7.01,kt,07/05/2016,69.98%
Jessa Seide,Jessa,Seide,Versatile,sollicitudin mi sit amet lobortis,164,true,22,-35,1,-3,308.61,-19.76,-7.8,2.73,ts,03/02/2016,67.29%
Licha Shead,Licha,Shead,local area network,eu magna vulputate luctus cum sociis natoque penatibus et,165,false,448,-177,2,-3,17.66,-224.56,-3.68,9.37,ys,27/09/2018,44.45%
Cyrill Binning,Cyrill,Binning,Synergistic,donec pharetra magna vestibulum aliquet ultrices erat tortor,166,false,199,-406,9,-5,283.53,-168.96,-1.9,8.63,xa,28/08/2016,26.90%
Hastings Vasenkov,Hastings,Vasenkov,leading edge,a ipsum integer a nibh in quis justo maecenas rhoncus,167,true,159,-403,2,-4,467.58,-106.92,-1.08,6.98,ix,13/11/2017,32.31%
Anders Bax,Anders,Bax,Horizontal,eget tempus vel pede morbi porttitor lorem id ligula suspendisse,168,false,281,-323,5,-3,111.8,-332.91,-2.52,9.81,zp,03/01/2018,01.54%
Johnette Grinyakin,Johnette,Grinyakin,high-level,molestie hendrerit at vulputate vitae,169,true,289,-476,0,-4,205.5,-222.54,-4.19,9.2,zp,07/06/2016,86.52%
Hale Boriston,Hale,Boriston,logistical,iaculis congue vivamus metus arcu adipiscing molestie hendrerit at vulputate,170,true,290,-282,5,-7,135.37,-227.89,-1.97,2.9,bq,17/09/2015,45.78%
Myrna Bolesma,Myrna,Bolesma,national,tempus sit amet sem fusce consequat nulla nisl nunc nisl,171,false,350,-397,10,-7,22.25,-162.1,-1.9,6.86,jt,01/10/2016,38.50%
Harlan Dyball,Harlan,Dyball,well-modulated,lacus morbi quis tortor id nulla ultrices aliquet,172,false,278,-15,6,-10,351.7,-243.14,-7.86,6.21,yn,17/09/2018,43.03%
Annalise Champniss,Annalise,Champniss,cohesive,cubilia curae mauris viverra diam vitae quam suspendisse potenti nullam,173,true,495,-122,4,-2,417.84,-453.21,-7.74,9.08,ng,18/04/2015,99.36%
Viola Tulk,Viola,Tulk,Reactive,id ligula suspendisse ornare consequat lectus in est risus,174,true,216,-402,0,-2,396.46,-295.81,-5.54,2.24,ip,31/07/2015,45.91%
Bertie Aronov,Bertie,Aronov,content-based,ac nulla sed vel enim,175,false,5,-252,5,-9,15.83,-311.29,-7.68,7.16,sa,13/04/2016,58.28%
Gunter Durand,Gunter,Durand,24/7,in lectus pellentesque at nulla,176,true,194,-238,4,-4,394.82,-399.22,-6,7.51,mp,29/06/2017,22.47%
Bert Lasslett,Bert,Lasslett,cohesive,morbi non lectus aliquam sit amet,177,true,70,-79,5,-3,252.68,-416.19,-1.68,0.37,zf,13/11/2015,39.09%
Jolee Sayer,Jolee,Sayer,model,fusce lacus purus aliquet at,178,true,272,-446,7,-5,179.33,-44.14,-3.62,7.77,hk,03/01/2016,02.80%
Norry Sitwell,Norry,Sitwell,artificial intelligence,odio in hac habitasse platea dictumst maecenas,179,false,47,-436,10,-10,461.24,-188.82,-9.22,5.8,xq,06/04/2015,61.03%
Whitney Meneyer,Whitney,Meneyer,open system,nisl duis bibendum felis sed interdum,180,true,185,-208,7,-9,290.32,-87.73,-2.02,9.14,vu,16/05/2018,19.22%
Korie Hedges,Korie,Hedges,real-time,quam sapien varius ut blandit non interdum in ante,181,false,148,-472,8,-5,52.2,-81.85,-4.11,0.92,tl,08/01/2017,14.01%
Aylmer Bartocci,Aylmer,Bartocci,asymmetric,amet diam in magna bibendum imperdiet nullam orci,182,false,418,-293,10,-7,185.6,-38.6,-2.85,9.12,ig,24/03/2015,58.08%
Lanae Moscrop,Lanae,Moscrop,standardization,sed tristique in tempus sit amet sem fusce consequat,183,true,258,-77,1,-5,356.2,-444.2,-8,5.89,sb,05/04/2016,05.13%
Raf Feld,Raf,Feld,multi-state,est quam pharetra magna ac consequat metus sapien,184,true,299,-210,8,-2,388.43,-398.11,-3.8,5.99,en,27/09/2018,48.41%
Ronalda Guyver,Ronalda,Guyver,Face to face,suscipit nulla elit ac nulla sed vel enim sit,185,false,278,-202,6,-3,432.39,-207.1,-3.23,7.47,xa,13/11/2016,78.74%
Gillan Korneluk,Gillan,Korneluk,disintermediate,vivamus metus arcu adipiscing molestie hendrerit,186,false,165,-110,4,-1,302.29,-117.21,-8.09,8.49,ot,21/10/2017,45.84%
Allsun Gaul,Allsun,Gaul,secondary,nullam molestie nibh in lectus pellentesque,187,true,382,-414,8,-8,447.73,-39.77,-2.89,3.94,vz,16/06/2017,17.54%
Dorene Lyard,Dorene,Lyard,Down-sized,montes nascetur ridiculus mus etiam vel,188,false,53,-294,7,-7,233.97,-330.02,-8.18,9.29,xs,03/09/2018,24.04%
Chevalier Finker,Chevalier,Finker,User-friendly,morbi non lectus aliquam sit,189,false,453,-248,7,-6,365.57,-439.5,-6.33,6.16,ia,26/02/2016,07.48%
Otha Peagram,Otha,Peagram,Customer-focused,luctus et ultrices posuere cubilia,190,false,290,-120,6,-8,199.63,-475.64,-7.42,2.64,zt,08/03/2015,23.62%
Reg Braunthal,Reg,Braunthal,hybrid,consequat metus sapien ut nunc,191,false,75,-58,3,-7,35.78,-438.43,-1.42,3.53,ik,13/01/2017,41.35%
Chick Devita,Chick,Devita,motivating,praesent lectus vestibulum quam sapien varius ut,192,false,45,-458,10,-10,455.07,-455,-3.74,4.9,fo,22/07/2018,27.57%
Katrina Lough,Katrina,Lough,system engine,diam erat fermentum justo nec condimentum,193,false,381,-207,5,-9,221.29,-57.59,-1.59,6.33,pg,19/09/2016,02.84%
Rodolphe Parcall,Rodolphe,Parcall,asymmetric,magna bibendum imperdiet nullam orci pede venenatis non sodales,194,false,368,-243,0,-9,419.03,-360.27,-4.07,9.77,mc,23/06/2017,84.58%
Charlotta Flight,Charlotta,Flight,Profound,lorem vitae mattis nibh ligula nec sem,195,true,23,-288,7,-3,330.54,-445.06,-8.91,0.07,cl,01/08/2018,96.49%
Crin Civitillo,Crin,Civitillo,motivating,nunc commodo placerat praesent blandit nam,196,false,74,-122,10,-7,210.3,-279.4,-1.19,7.35,nd,02/07/2017,27.05%
Miguelita Gostling,Miguelita,Gostling,Right-sized,odio donec vitae nisi nam ultrices libero non mattis pulvinar,197,false,51,-301,7,-4,105.59,-146.7,-2.35,6.88,xp,25/05/2017,59.88%
Loleta Brockwell,Loleta,Brockwell,synergy,nisl nunc rhoncus dui vel sem sed,198,true,228,-307,1,-10,259.01,-43.88,-9.28,6.52,wf,05/10/2018,50.37%
Gabe Snepp,Gabe,Snepp,conglomeration,ut at dolor quis odio consequat varius integer ac,199,false,234,-196,8,-4,40.26,-315.09,-1.2,2.76,wa,06/12/2018,32.90%
Baldwin Pawelczyk,Baldwin,Pawelczyk,Distributed,rhoncus dui vel sem sed sagittis nam congue risus,200,false,238,-97,10,-10,311.4,-13.83,-6.95,4.27,ij,28/07/2016,04.42%
Ed Kirkwood,Ed,Kirkwood,system-worthy,in libero ut massa volutpat convallis,201,true,49,-489,0,-7,146.96,-277.77,-8.57,0.86,sc,04/06/2017,81.77%
Suzi Crocombe,Suzi,Crocombe,core,dui luctus rutrum nulla tellus in sagittis,202,true,479,-48,9,-10,141.34,-19.91,-8.6,0.69,px,25/04/2015,79.31%
Jammal Odams,Jammal,Odams,hardware,primis in faucibus orci luctus et ultrices posuere cubilia,203,true,227,-41,0,-8,188.2,-148.15,-8.04,0.82,jn,21/11/2017,35.74%
Anallese O'Cahill,Anallese,O'Cahill,mobile,amet eleifend pede libero quis,204,false,71,-25,2,-6,83.72,-173.01,-1.71,5.49,mc,11/08/2016,58.32%
Lulita Woollcott,Lulita,Woollcott,Upgradable,sagittis dui vel nisl duis ac,205,true,69,-158,10,-9,387.88,-497.55,-5.19,9.58,yu,17/12/2016,92.45%
Arabele Leddy,Arabele,Leddy,middleware,pede venenatis non sodales sed tincidunt eu felis,206,true,360,-349,6,-5,251.12,-93.59,-2.3,7.54,fd,22/05/2015,28.73%
Mart Sharpus,Mart,Sharpus,database,interdum mauris ullamcorper purus sit amet nulla quisque,207,true,187,-318,0,-6,371.49,-45.98,-9.26,0.16,ei,20/06/2017,75.25%
Lurleen Link,Lurleen,Link,Face to face,convallis nulla neque libero convallis eget eleifend luctus ultricies eu,208,false,492,-193,6,-1,222.95,-303.25,-4.41,4.38,ci,13/02/2016,68.95%
Darren Van den Hof,Darren,Van den Hof,adapter,dapibus nulla suscipit ligula in lacus curabitur at,209,false,428,-109,6,-8,445.3,-326.52,-4.84,4.29,rj,13/11/2017,33.02%
Marillin Willes,Marillin,Willes,systematic,integer ac leo pellentesque ultrices mattis odio donec vitae,210,true,305,-38,9,-8,341.25,-346.59,-8.87,9.12,kh,30/09/2015,22.13%
Gelya Bryson,Gelya,Bryson,Triple-buffered,vestibulum vestibulum ante ipsum primis,211,false,49,-306,1,-9,244.44,-309.41,-3.96,2.44,oo,14/05/2017,49.06%
Lilia Nattrass,Lilia,Nattrass,discrete,congue diam id ornare imperdiet sapien urna pretium,212,false,189,-66,10,-5,337.46,-328.58,-6.38,4.81,ho,28/07/2017,48.21%
Cornall Lambrick,Cornall,Lambrick,parallelism,eros suspendisse accumsan tortor quis turpis sed ante vivamus,213,true,460,-277,3,-6,429.31,-239.41,-1.4,5.84,hj,31/10/2016,98.50%
Marwin Garrand,Marwin,Garrand,3rd generation,pellentesque quisque porta volutpat erat quisque erat eros,214,true,307,-282,8,-10,134.88,-327.31,-2.42,1.66,kk,31/05/2017,32.13%
Emlynne Karpeev,Emlynne,Karpeev,functionalities,hendrerit at vulputate vitae nisl,215,true,457,-203,9,-8,174.66,-357.53,-8.22,3.65,dn,30/07/2017,50.71%
Quincy Rydeard,Quincy,Rydeard,Ameliorated,turpis a pede posuere nonummy integer non velit donec diam,216,false,466,-236,4,-9,5.9,-297.02,-8.69,7.15,pa,26/09/2016,94.60%
Violetta Tirone,Violetta,Tirone,Business-focused,nibh in lectus pellentesque at nulla,217,true,166,-125,8,-9,19.16,-169.43,-2.57,7.67,id,28/06/2017,58.55%
Brooke Summersby,Brooke,Summersby,Integrated,commodo placerat praesent blandit nam nulla integer pede justo,218,true,383,-134,3,-9,434.89,-477.07,-4.79,4.23,mj,10/01/2016,75.39%
Atlante Carlyle,Atlante,Carlyle,static,scelerisque mauris sit amet eros suspendisse accumsan tortor,219,true,29,-475,4,-3,52.26,-255.74,-4.55,9.12,ws,06/03/2015,83.55%
Gabriela Knapp,Gabriela,Knapp,Centralized,faucibus orci luctus et ultrices,220,true,298,-49,10,-3,51.28,-366.23,-8.96,4.6,gd,18/07/2017,67.30%
Wenda Pigdon,Wenda,Pigdon,didactic,pulvinar sed nisl nunc rhoncus,221,false,200,-103,0,-9,171.57,-41.01,-6.53,9.42,zn,22/01/2017,44.97%
Kesley Faustin,Kesley,Faustin,Adaptive,vel nulla eget eros elementum pellentesque quisque porta volutpat,222,true,251,-431,2,-8,4.57,-288.08,-4.31,5,bg,12/03/2018,49.96%
Amalita Elderton,Amalita,Elderton,knowledge base,placerat ante nulla justo aliquam quis turpis eget elit sodales,223,true,381,-48,6,-4,174.7,-209.83,-1.99,9.63,xi,05/03/2018,04.54%
Marcus Craney,Marcus,Craney,tangible,lacus morbi sem mauris laoreet ut rhoncus,224,false,19,-470,5,-4,14.47,-418.8,-6.33,0.58,tp,12/03/2016,11.23%
Amargo Jellings,Amargo,Jellings,function,nisi venenatis tristique fusce congue diam,225,true,421,-106,1,-8,162.07,-190.08,-9.53,7.18,yp,20/08/2017,98.66%
Gisele Munnings,Gisele,Munnings,explicit,convallis nulla neque libero convallis eget eleifend luctus ultricies,226,true,292,-185,6,-5,60.01,-499.28,-5.83,8.15,wc,26/12/2017,37.54%
Morna Bruford,Morna,Bruford,Programmable,porta volutpat erat quisque erat eros,227,false,28,-402,0,-6,499.63,-361.28,-5.2,1.31,fu,04/04/2017,04.26%
Penn Heisham,Penn,Heisham,motivating,nunc nisl duis bibendum felis sed interdum venenatis turpis enim,228,true,139,-395,3,-6,255.09,-102.67,-2.06,6.58,tc,28/05/2018,40.20%
Shurwood Legen,Shurwood,Legen,extranet,nullam orci pede venenatis non sodales sed tincidunt eu felis,229,true,213,-345,1,-8,468.85,-26.39,-9.97,2.84,vo,25/05/2017,77.75%
Kiley Furmagier,Kiley,Furmagier,Re-engineered,felis sed interdum venenatis turpis,230,false,163,-312,1,-1,43.86,-139.66,-7.75,0.25,ll,27/02/2018,26.82%
Nannie Fido,Nannie,Fido,heuristic,scelerisque mauris sit amet eros suspendisse accumsan tortor quis turpis,231,false,474,-41,3,-2,464.97,-297.34,-6.41,8.2,di,30/03/2015,48.30%
Amelita Binner,Amelita,Binner,real-time,rhoncus mauris enim leo rhoncus sed vestibulum sit,232,true,435,-413,8,-1,212.79,-219.06,-8.49,7.93,ze,28/10/2016,91.82%
Annis Polland,Annis,Polland,product,justo sit amet sapien dignissim vestibulum vestibulum,233,false,128,-9,0,-6,487.16,-5.43,-8.84,9.99,va,15/09/2016,37.69%
Mariska Eburne,Mariska,Eburne,Realigned,et magnis dis parturient montes,234,false,307,-130,2,-2,348.64,-4.17,-4.97,6.19,fo,02/04/2018,79.28%
Betteanne Dinnage,Betteanne,Dinnage,structure,proin leo odio porttitor id consequat in,235,true,12,-13,6,-4,262.53,-455.11,-9.01,1.53,gu,22/10/2018,71.50%
Ulysses Esberger,Ulysses,Esberger,Open-source,amet sem fusce consequat nulla nisl nunc,236,false,133,-265,1,-8,163.14,-14.81,-3.27,1.27,my,25/07/2018,01.35%
Marcus Sigg,Marcus,Sigg,Streamlined,augue vestibulum rutrum rutrum neque,237,true,79,-125,0,-9,181.91,-270.72,-5.44,1.13,bk,05/06/2016,53.74%
Cornela Eadon,Cornela,Eadon,scalable,fusce lacus purus aliquet at feugiat non pretium quis,238,false,116,-157,8,-2,401.39,-463.66,-1.83,9.96,jl,27/04/2018,47.32%
Blondelle Brereton,Blondelle,Brereton,workforce,curabitur gravida nisi at nibh in,239,true,207,-194,0,-6,460.3,-205.55,-9.15,0.4,hd,11/04/2017,22.40%
Foss Dessent,Foss,Dessent,intermediate,porttitor lorem id ligula suspendisse ornare,240,false,129,-343,8,-3,435.86,-223.11,-9.25,3.14,xp,15/10/2018,69.53%
Binnie Vesco,Binnie,Vesco,migration,pede ullamcorper augue a suscipit,241,false,498,-64,1,-4,127.77,-352.48,-9.56,4.23,lw,29/01/2015,43.82%
Donni Keaves,Donni,Keaves,3rd generation,lectus suspendisse potenti in eleifend quam a odio in hac,242,true,464,-236,6,-7,82.43,-473.05,-4.65,4.24,tj,06/11/2016,89.76%
Karl Djokovic,Karl,Djokovic,throughput,pulvinar sed nisl nunc rhoncus dui vel sem sed sagittis,243,true,157,-336,4,-6,125.2,-181.97,-1.41,9.63,zu,08/02/2016,69.34%
Rafaelita Aiton,Rafaelita,Aiton,Adaptive,volutpat dui maecenas tristique est et tempus,244,false,335,-498,6,-5,326.77,-410.82,-9.7,3.04,jn,30/10/2015,93.97%
Blondelle Gooly,Blondelle,Gooly,empowering,pede libero quis orci nullam,245,false,170,-106,5,-10,464.23,-476.14,-9.38,3.84,uh,09/09/2018,82.70%
Bartram Bohden,Bartram,Bohden,Optional,at turpis a pede posuere,246,true,142,-457,9,-6,117.31,-217.07,-1.21,1.09,rk,15/03/2015,58.61%
Guilbert Rosini,Guilbert,Rosini,model,diam id ornare imperdiet sapien urna pretium,247,true,82,-179,0,-7,454.81,-145.92,-8.09,1.57,wl,21/05/2018,94.78%
Gabe Kerrich,Gabe,Kerrich,cohesive,maecenas tristique est et tempus semper,248,false,448,-19,0,-6,303.14,-391.42,-8,5.35,en,24/05/2015,85.12%
Ilise Gateman,Ilise,Gateman,homogeneous,justo morbi ut odio cras,249,true,91,-326,6,-5,49.72,-126.63,-1.66,2.71,qb,02/10/2016,67.13%
Jessalyn Rampage,Jessalyn,Rampage,toolset,imperdiet nullam orci pede venenatis non sodales,250,false,473,-354,2,-10,248.43,-322.65,-7.51,8.99,ia,28/11/2016,00.43%
Burtie Boc,Burtie,Boc,tertiary,arcu adipiscing molestie hendrerit at vulputate vitae nisl,251,true,447,-387,7,-5,322.25,-110.35,-8.9,4.9,xd,08/04/2016,96.72%
Chrissie Adolfson,Chrissie,Adolfson,transitional,nulla integer pede justo lacinia eget tincidunt eget tempus vel,252,false,336,-203,6,-7,415.28,-246.1,-1.1,6.03,mr,05/07/2017,27.50%
Torrence Anscott,Torrence,Anscott,radical,nibh in quis justo maecenas rhoncus aliquam lacus morbi,253,true,432,-331,6,-7,96.83,-351.49,-3.72,3.3,aj,08/02/2017,41.56%
Trixie Tickner,Trixie,Tickner,value-added,est lacinia nisi venenatis tristique,254,true,489,-468,9,-9,482.53,-12.77,-9.65,2.16,uf,23/08/2016,34.22%
Emanuel Trowle,Emanuel,Trowle,executive,aliquam erat volutpat in congue etiam justo etiam pretium,255,true,404,-268,10,-5,368.98,-147.54,-6.19,4.45,tr,20/09/2015,69.93%
Elissa Miranda,Elissa,Miranda,implementation,ut blandit non interdum in ante vestibulum,256,false,298,-32,6,-7,252.03,-100.2,-3.28,8.8,vu,19/04/2015,17.67%
Angil Omar,Angil,Omar,knowledge user,tortor quis turpis sed ante,257,false,375,-48,1,-5,60.63,-4.63,-4.82,4.19,yi,13/09/2017,81.95%
Robbyn Pavluk,Robbyn,Pavluk,task-force,in faucibus orci luctus et ultrices posuere,258,true,178,-75,2,-4,177.92,-25.86,-2.88,5.58,rc,04/10/2018,71.24%
Corenda Foukx,Corenda,Foukx,core,nulla nisl nunc nisl duis bibendum felis sed interdum venenatis,259,true,79,-90,5,-6,489.56,-208.74,-7.99,9.7,cp,17/03/2016,71.80%
Kennith Cookley,Kennith,Cookley,Centralized,quam a odio in hac habitasse platea dictumst maecenas,260,false,411,-263,9,-7,235.57,-245.28,-3.29,2.9,fq,30/06/2016,52.41%
Lemuel Awdry,Lemuel,Awdry,dedicated,diam id ornare imperdiet sapien urna pretium nisl ut volutpat,261,false,329,-11,9,-6,282.98,-315.18,-9.26,3.6,sc,03/10/2016,84.46%
Tamqrah Bolliver,Tamqrah,Bolliver,Enterprise-wide,odio elementum eu interdum eu tincidunt in leo,262,false,6,-87,10,-10,393.03,-305.09,-1.82,4.87,fi,19/12/2018,74.35%
Ellette Brantl,Ellette,Brantl,explicit,non mattis pulvinar nulla pede ullamcorper augue a suscipit nulla,263,false,379,-431,0,-2,399.45,-470.06,-8.95,0.11,vc,26/08/2015,72.62%
Kalinda Ropking,Kalinda,Ropking,orchestration,bibendum felis sed interdum venenatis turpis enim blandit mi in,264,true,403,-330,10,-3,174.92,-308.16,-8.14,1.63,au,24/01/2015,36.92%
Alidia Impy,Alidia,Impy,bottom-line,tempus vivamus in felis eu,265,false,476,-45,3,-2,207.36,-258.31,-6.3,0.41,lr,05/10/2018,85.09%
Sherwood Favey,Sherwood,Favey,Multi-channelled,tincidunt ante vel ipsum praesent blandit,266,true,232,-464,1,-10,238.14,-256.49,-5.71,8.71,xj,24/08/2018,41.60%
Doe Wansbury,Doe,Wansbury,Versatile,eu massa donec dapibus duis,267,true,195,-198,8,-4,40.43,-69.36,-5.35,9.89,hs,10/04/2018,55.62%
Adham Sellwood,Adham,Sellwood,composite,tellus nisi eu orci mauris lacinia sapien quis libero,268,true,201,-230,2,-2,357.79,-101.27,-8.34,4.49,ew,06/04/2017,80.00%
Silvio Bew,Silvio,Bew,internet solution,in magna bibendum imperdiet nullam orci,269,true,115,-14,8,-2,448.33,-337.11,-4.09,1.15,nt,19/01/2016,98.53%
Konrad Piatti,Konrad,Piatti,Innovative,nisl nunc rhoncus dui vel sem sed sagittis nam,270,true,23,-37,0,-1,341.29,-438.37,-1.21,8.15,hj,04/03/2016,69.88%
Velvet Kirvell,Velvet,Kirvell,content-based,odio justo sollicitudin ut suscipit a feugiat et eros,271,false,392,-284,5,-7,413.52,-435.43,-1.88,7.19,rx,18/05/2017,96.44%
Morna Scurfield,Morna,Scurfield,installation,tristique fusce congue diam id ornare imperdiet sapien urna,272,true,137,-42,9,-2,89.55,-62.3,-5.48,5.6,qp,01/11/2015,98.19%
Annabela Peggrem,Annabela,Peggrem,circuit,sit amet sapien dignissim vestibulum,273,false,466,-16,9,-6,88.18,-383,-7.54,7.96,ty,27/11/2016,05.75%
Ilise Colvin,Ilise,Colvin,groupware,felis sed interdum venenatis turpis enim blandit,274,true,298,-369,5,-3,366.37,-283.84,-1.14,8.24,iv,24/06/2015,19.40%
Guy Bonnefin,Guy,Bonnefin,Progressive,nam ultrices libero non mattis pulvinar nulla pede ullamcorper augue,275,false,476,-70,0,-10,181.84,-70.71,-8.1,4.95,de,19/07/2018,78.44%
Verene Ordidge,Verene,Ordidge,User-centric,in est risus auctor sed tristique in,276,false,241,-324,1,-3,35.1,-141.02,-9.21,8.78,bo,09/03/2016,77.99%
Fleur Gonoude,Fleur,Gonoude,national,tempus sit amet sem fusce consequat nulla nisl nunc,277,true,99,-28,8,-6,262.18,-470.76,-1.68,0.1,no,29/04/2018,50.27%
Lanette Gierek,Lanette,Gierek,high-level,libero convallis eget eleifend luctus ultricies eu nibh quisque id,278,true,20,-139,0,-4,442.18,-483.71,-6.48,7.33,oz,17/05/2018,11.85%
Jesselyn Fitzsymonds,Jesselyn,Fitzsymonds,radical,adipiscing elit proin interdum mauris non,279,false,292,-205,2,-10,446.3,-69.11,-2.45,7.32,bn,10/02/2017,48.56%
Dan McKniely,Dan,McKniely,Visionary,blandit mi in porttitor pede justo eu massa donec dapibus,280,false,110,-447,6,-4,78.6,-26.78,-5.92,1.85,kb,18/03/2016,67.52%
Holmes Llewellin,Holmes,Llewellin,radical,justo lacinia eget tincidunt eget tempus vel,281,false,79,-299,10,-2,303.05,-57.58,-5.32,3.89,tv,05/11/2018,03.72%
Elsinore Baddow,Elsinore,Baddow,budgetary management,ut mauris eget massa tempor convallis nulla neque libero convallis,282,false,445,-24,8,-9,3.5,-90.68,-9.69,0.94,lb,14/12/2015,79.64%
Eba Brickner,Eba,Brickner,homogeneous,imperdiet sapien urna pretium nisl ut volutpat,283,false,74,-333,1,-1,90.81,-168.73,-1.48,7.2,xd,22/05/2017,73.04%
Saundra Tuer,Saundra,Tuer,analyzing,pellentesque at nulla suspendisse potenti cras in purus eu,284,false,111,-305,2,-5,476.86,-391.62,-2.88,5.65,oy,20/05/2016,03.27%
Adeline Gariff,Adeline,Gariff,systemic,vehicula consequat morbi a ipsum integer a,285,false,125,-148,6,-1,171.48,-498.36,-4.31,0.49,lk,15/12/2016,90.63%
Johna Sharples,Johna,Sharples,installation,vitae nisl aenean lectus pellentesque eget nunc donec quis orci,286,true,163,-109,0,-2,456.13,-23.53,-4.37,2.11,qx,17/06/2017,95.82%
Etta Tibbles,Etta,Tibbles,Future-proofed,lacinia eget tincidunt eget tempus vel,287,false,274,-230,6,-2,392.97,-347.24,-2.46,2.14,sd,28/10/2018,93.12%
Marris Liver,Marris,Liver,focus group,viverra diam vitae quam suspendisse potenti,288,false,468,-38,5,-4,350.91,-228.45,-5.36,5.1,xe,19/09/2016,45.27%
Kent Wivell,Kent,Wivell,cohesive,blandit ultrices enim lorem ipsum dolor sit amet consectetuer adipiscing,289,false,25,-226,7,-7,202.29,-176.68,-3.37,2.25,hm,29/03/2016,13.13%
Ebony McGaw,Ebony,McGaw,5th generation,semper est quam pharetra magna,290,false,73,-460,0,-9,404.49,-412.91,-8.38,2.99,kh,13/11/2017,20.26%
Bennett Hunnam,Bennett,Hunnam,paradigm,aenean sit amet justo morbi,291,false,295,-449,1,-1,77.69,-173.27,-7.26,9.19,qy,02/11/2018,62.70%
Land Craft,Land,Craft,Reduced,sit amet erat nulla tempus vivamus in felis eu,292,true,78,-351,9,-10,197.24,-64.79,-8.83,5.29,kz,20/10/2018,66.75%
Mead Embling,Mead,Embling,zero defect,enim sit amet nunc viverra dapibus nulla suscipit ligula in,293,true,209,-431,7,-4,219.45,-212.25,-4.77,7.44,uy,22/02/2018,11.32%
Aindrea Stadden,Aindrea,Stadden,pricing structure,donec ut mauris eget massa tempor,294,true,284,-181,3,-5,194.73,-206.91,-4.88,8.55,to,27/05/2016,19.33%
Gregoor Rasmus,Gregoor,Rasmus,tangible,blandit ultrices enim lorem ipsum dolor sit amet consectetuer,295,false,235,-441,3,-6,421.87,-436.67,-7.3,6.46,gf,23/08/2015,61.10%
Nichole Genever,Nichole,Genever,Fully-configurable,interdum mauris non ligula pellentesque ultrices,296,false,243,-341,5,-5,255.23,-70.5,-4.12,4.1,vq,15/01/2015,61.95%
Filbert Bentinck,Filbert,Bentinck,Function-based,cursus id turpis integer aliquet massa id lobortis,297,true,325,-224,2,-2,48.14,-437.23,-7.54,5.9,io,06/01/2017,49.27%
Forester Yakubowicz,Forester,Yakubowicz,support,ornare consequat lectus in est risus,298,true,154,-151,10,-1,455.36,-166.04,-3.89,6.9,qp,03/07/2016,45.24%
Ema Fuggles,Ema,Fuggles,Stand-alone,mauris ullamcorper purus sit amet nulla quisque,299,true,251,-17,2,-3,110.94,-191.21,-8.75,8.59,eu,16/03/2017,80.67%
